source_report,locality,latitude,longitude,toposheet,x_utm,y_utm
SRO-14116-2009,Bellary,15.15,76.91666666666667,57A/16,705945.0255615904,1675817.261504195
SRO-14116-2009,Bhaithottu (.790),15.155000000000001,76.53944444444444,57A/12,665399.2518805698,1676050.80086603
SRO-14116-2009,Edvankantegola,15.15388888888889,76.52652777777777,57A/12,664012.0437481076,1675918.1559153828
SRO-14116-2009,Gungadi,15.17361111111111,76.50777777777778,57A/12,661982.0896938842,1678086.2584774988
SRO-14116-2009,Hospet,15.266666666666667,76.38333333333334,57A/07,648545.2706412208,1688293.0987144813
SRO-14116-2009,Jalithottu (.880),15.151111111111112,76.54333333333334,57A/12,665820.1955399865,1675623.4709889886
SRO-14116-2009,Joga,15.183333333333334,76.55,57A/12,666511.3931037446,1679193.6337282902
SRO-14116-2009,Rajapura,15.254166666666666,76.38916666666667,57A/08,649180.5996963426,1686914.1510061277
SRO-14116-2009,Taranagar,15.130833333333333,76.53944444444444,57A/12,665418.0233334666,1673376.987699211
SRO-14116-2009,Timmapana Gudi,15.141666666666666,76.54652777777778,57A/12,666170.8596921174,1674580.9491389364
SRO-14116-2009,Toranagallu,15.2,76.68333333333334,57A/12,680824.1906289511,1681143.669262606
SRO-14116-2009,Vyasanakere,15.217777777777778,76.3711111111111,57A/08,647266.6391787915,1682876.0016382295
SRO-13952-2005,Belikallu Gudda .675,15.158333333333333,76.75972222222222,57A/12 & 16,689069.1896861373,1676597.8697405187
SRO-13952-2005,Bellary,15.144444444444444,76.91666666666667,57A/12 & 16,705950.4013905318,1675202.485465141
SRO-13952-2005,Bol Gudda .643,15.134722222222221,76.76527777777778,57A/12 & 16,689687.2960900017,1673990.0687652908
SRO-13952-2005,Daroji,15.238888888888889,76.69444444444444,57A/12 & 16,681984.6343045022,1685455.8988035615
SRO-13952-2005,Donmatti Gudda .608,15.151388888888889,76.76527777777778,57A/12 & 16,689672.4483879219,1675834.2601324779
SRO-13952-2005,Gauthattu Gudda .739,15.151388888888889,76.75277777777778,57A/12 & 16,688329.0049091146,1675823.476510482
SRO-13952-2005,Jibilamma Gudda .623,15.16388888888889,76.73472222222222,57A/12 & 16,686377.5361333558,1677191.1612044307
SRO-13952-2005,Kodi Gudda.623,15.219444444444445,76.6888888888889,57A/12 & 16,681404.476980824,1683299.7693892943
SRO-13952-2005,Kudatini,15.197222222222223,76.75833333333334,57A/12 & 16,688885.3375531976,1680899.782286921
SRO-13952-2005,Murutale Gudda.616,15.180555555555555,76.73055555555555,57A/12 & 16,685915.1708015535,1679031.7840683009
SRO-13952-2005,Patrekatte Gudda.767,15.144444444444444,76.74583333333334,57A/12 & 16,687588.7710127346,1675049.1123477244
SRO-13952-2005,Sandur,15.086111111111112,76.54722222222222,57A/12 & 16,666288.781650207,1668434.7737118509
SRO-13952-2005,Suji Gudda.652,15.194444444444445,76.70833333333334,57A/12 & 16,683515.1906419017,1680549.8039374072
SRO-13952-2005,Sultanpur,15.156944444444445,76.72777777777777,57A/12 & 16,685637.2938583246,1676416.8598284048
SRO-13952-2005,Toranagallu,15.194444444444445,76.67777777777778,57A/12 & 16,680231.98275657,1680524.3687245508
